id,publisher_id,title,category,origin,mrp,price,image_url,description,status,created_at,isbn,sku,top_category,subcategory,age_band,binding,no_of_pages,publisher_name,video_link,flipbook_link,opening_inventory,track_inventory,cover_url
69143a7c-d951-4fa5-82a9-0085852d97ea,null,My Giant Book Of Phonics,null,null,null,199,https://www.booksatdoorsteps.online/covers/818728202-9.My%20Giant%20Book%20Of%20Phonics.png.png,null,approved,2026-07-12 11:38:21.560713+00,81-87282-02-9,HESTTO,Kids Learning,Ukg; Activities; English activities and writing; Phonic based learning; two letter word practice,Infants KS1 (5-7),Paperback,null,Deepshikha,null,null,400,TRUE,https://www.booksatdoorsteps.online/covers/818728202-9.My%20Giant%20Book%20Of%20Phonics.png.png
67167d9a-94c1-494a-8dc1-e2e3643ac9dc,null,MY FIRST BOOK OF WORDS,null,null,null,124,https://www.booksatdoorsteps.online/covers/81-87282-26-6.MY%20FIRST%20BOOK%20OF%20WORDS.png.png,null,approved,2026-07-12 11:38:21.560713+00,81-87282-26-6,MYFIB1,Kids Learning,Play Group; Nursery; Picture book; Vocabulary builder; Word recognition,Foundation Stage (3-5),Paperback,32,Deepshikha,null,null,400,TRUE,https://www.booksatdoorsteps.online/covers/81-87282-26-6.MY%20FIRST%20BOOK%20OF%20WORDS.png.png
d369c83e-696d-451a-b5e4-77911a38b787,null,COLOURING BOOK- 2,null,null,null,116,https://www.booksatdoorsteps.online/covers/81-87282-31-2.COLOURING%20BOOK-%202.png.jpg,null,approved,2026-07-12 11:38:21.560713+00,81-87282-31-2,COBO2,Kids Learning,Lkg; Colouring,Infants KS1 (5-7),Paperback,64,Deepshikha,null,null,400,TRUE,https://www.booksatdoorsteps.online/covers/81-87282-31-2.COLOURING%20BOOK-%202.png.jpg
0835866a-1c74-4939-bbbc-c00ba86bfc0d,null,Spell Smart 5,null,null,null,124,https://www.booksatdoorsteps.online/covers/81-87282-40-1.Spell%20Smart%205.png.png,null,approved,2026-07-12 11:38:21.560713+00,81-87282-40-1,SPSM5,Kids Learning,Activities; English activities; Phonic based learning; Spelling activities,Junior KS2 (7-11),Paperback,null,Deepshikha,null,null,400,TRUE,https://www.booksatdoorsteps.online/covers/81-87282-40-1.Spell%20Smart%205.png.png
f1433288-ab4b-4440-8e76-d3c3d937ec87,null,Spell Smart 4,null,null,null,124,https://www.booksatdoorsteps.online/covers/81-87282-41-X.Spell%20Smart%204.png.jpg,null,approved,2026-07-12 11:38:21.560713+00,81-87282-41-X,SPSM4,Kids Learning,Activities; English activities; Phonic based learning; Spelling activities,Infants KS1 (5-7),Paperback,null,Deepshikha,null,null,400,TRUE,https://www.booksatdoorsteps.online/covers/81-87282-41-X.Spell%20Smart%204.png.jpg
aef6a05a-ed68-4e6d-9cd6-ea568a3b6884,null,Spell Smart 3,null,null,null,124,https://www.booksatdoorsteps.online/covers/81-87282-42-8.Spell%20Smart%203.png.jpg,null,approved,2026-07-12 11:38:21.560713+00,81-87282-42-8,SPSM3,Kids Learning,Activities; English activities; Phonic based learning; Spelling activities,Junior KS2 (7-11),Paperback,null,Deepshikha,null,null,400,TRUE,https://www.booksatdoorsteps.online/covers/81-87282-42-8.Spell%20Smart%203.png.jpg
5b31c0a3-c650-4601-8148-7176a099cb98,null,Spell Smart 2,null,null,null,124,https://www.booksatdoorsteps.online/covers/81-87282-43-6.Spell%20Smart%202.png.jpg,null,approved,2026-07-12 11:38:21.560713+00,81-87282-43-6,SPSM2,Kids Learning,Activities; English activities; Phonic based learning; Spelling activities,Junior KS2 (7-11),Paperback,null,Deepshikha,null,null,400,TRUE,https://www.booksatdoorsteps.online/covers/81-87282-43-6.Spell%20Smart%202.png.jpg
3392cf47-ca5d-4d55-aeae-afcd4284b3ec,null,My Giant Book of Paste N Colour,null,null,null,191,https://www.booksatdoorsteps.online/covers/81-87282-46-0.My%20Giant%20Book%20of%20Paste%20N%20Colour.png.jpg,null,approved,2026-07-12 11:38:21.560713+00,81-87282-46-0,MYGIBO,Kids Learning,Lkg; Colouring,Foundation Stage (3-5),Paperback,70,Deepshikha,null,null,400,TRUE,https://www.booksatdoorsteps.online/covers/81-87282-46-0.My%20Giant%20Book%20of%20Paste%20N%20Colour.png.jpg
ec706e6f-5faf-4a97-a840-16ab8272de28,null,Alphabet Activity and writing worksheets,null,null,null,199,https://www.booksatdoorsteps.online/covers/81-87282-49-5.Alphabet%20Activity%20and%20writing%20worksheets.png.jpg,null,approved,2026-07-12 11:38:21.560713+00,81-87282-49-5,ALACAN,Kids Learning,Lkg; Activities; Alphabet activities and writing,Foundation Stage (3-5),Paperback,104,Deepshikha,null,null,400,TRUE,https://www.booksatdoorsteps.online/covers/81-87282-49-5.Alphabet%20Activity%20and%20writing%20worksheets.png.jpg
65d6d6e7-c693-4524-940e-e21920cbddf2,null,jumbo colouring,null,null,null,231,https://www.booksatdoorsteps.online/covers/938443880-4.JUMBO%20COLOURING.png,null,approved,2026-07-12 11:38:21.560713+00,938443880-4,JUCO,Kids Learning,Lkg; Colouring,Infants KS1 (5-7),Paperback,128,Deepshikha,null,null,400,TRUE,https://www.booksatdoorsteps.online/covers/938443880-4.JUMBO%20COLOURING.png
da9c1964-6266-4dee-8081-ff2333d5b50a,null,Daily Expressions Diary level 2,null,null,null,151,https://www.booksatdoorsteps.online/covers/81-87282-53-3.Daily%20Expressions%20Diary%20level%202.jpg,null,approved,2026-07-12 11:38:21.560713+00,81-87282-53-3,DAEXDI,Kids Learning,Creative writing; Diary; Language development,Junior KS2 (7-11),Paperback,80,Deepshikha,null,null,400,TRUE,https://www.booksatdoorsteps.online/covers/81-87282-53-3.Daily%20Expressions%20Diary%20level%202.jpg
418c6838-f812-407d-b5d4-84c540475730,null,From Patterns to Handwriting With Activities and Rhymes,null,null,null,145,https://www.booksatdoorsteps.online/covers/81-87282-54-1.From%20Patterns%20to%20%20Handwriting.png.jpg,null,approved,2026-07-12 11:38:21.560713+00,81-87282-54-1,FRPATO,Kids Learning,Nursery; Pattern activities; Pre-writing skills,Foundation Stage (3-5),Paperback,38,Deepshikha,null,null,400,TRUE,https://www.booksatdoorsteps.online/covers/81-87282-54-1.From%20Patterns%20to%20%20Handwriting.png.jpg
d04a2447-e58e-479b-b567-b3cfefb70f10,null,My Giant Book of Phonics ,null,null,null,212,https://www.booksatdoorsteps.online/covers/81-87282-59-2.My%20Giant%20Book%20of%20Phonics%20cover.png.png,null,approved,2026-07-12 11:38:21.560713+00,81-87282-59-2,MYGIB1,Kids Learning,Ukg; Activities; English activities and writing; Phonic based learning,Infants KS1 (5-7),Paperback,136,Deepshikha,null,null,400,TRUE,https://www.booksatdoorsteps.online/covers/81-87282-59-2.My%20Giant%20Book%20of%20Phonics%20cover.png.png
8473b49b-e276-46a5-a09c-80900a0b3033,null,My First Cursive Strokes,null,null,null,124,https://www.booksatdoorsteps.online/covers/81-87282-60-6.My%20First%20Cursive%20Strokes.PNG.png,null,approved,2026-07-12 11:38:21.560713+00,81-87282-60-6,MYFICU,Kids Learning,Activities; English writing; Cursive handwriting practice,Infants KS1 (5-7),Paperback,null,Deepshikha,null,null,400,TRUE,https://www.booksatdoorsteps.online/covers/81-87282-60-6.My%20First%20Cursive%20Strokes.PNG.png
2755516d-59a0-4435-99a9-2037bcf915a1,null,Alphabet Activity and Writing Worksheets lower case,null,null,null,215,https://www.booksatdoorsteps.online/covers/81-87282-61-4.Alphabet%20Activity%20and%20Writing%20Worksheets%20lower%20case.png.jpg,null,approved,2026-07-12 11:38:21.560713+00,81-87282-61-4,ALACA1,Kids Learning,Lkg; Activities; Alphabet activities and writing,Infants KS1 (5-7),Paperback,null,Deepshikha,null,null,400,TRUE,https://www.booksatdoorsteps.online/covers/81-87282-61-4.Alphabet%20Activity%20and%20Writing%20Worksheets%20lower%20case.png.jpg
22904f03-0edf-49a2-830c-195e401ea444,null,Numbers 1-50,null,null,null,215,https://www.booksatdoorsteps.online/covers/81-87282-73-8.Numbers%201-50.png.jpg,null,approved,2026-07-12 11:38:21.560713+00,81-87282-73-8,NU150,Kids Learning,Kids Learnin; Lkg; Numbers Activity worksheets,Infants KS1 (5-7),Paperback,null,Deepshikha,null,null,400,TRUE,https://www.booksatdoorsteps.online/covers/81-87282-73-8.Numbers%201-50.png.jpg
c1082faa-edde-4c69-bab5-b0b351a1f0be,null,Alphabet Capital and Small,null,null,null,215,https://www.booksatdoorsteps.online/covers/938443867-7.Alphabet%20Capital%20and%20Small.png.png,null,approved,2026-07-12 11:38:21.560713+00,938443867-7,ALCAAN,Kids Learning,Lkg; Activities; Alphabet activities and writing,Infants KS1 (5-7),Paperback,null,Deepshikha,null,null,400,TRUE,https://www.booksatdoorsteps.online/covers/938443867-7.Alphabet%20Capital%20and%20Small.png.png
282efa2f-dbe3-4710-88bd-b9a4c6d8effb,null,ENJOY WRITING ALPHAPET,null,null,null,215,https://www.booksatdoorsteps.online/covers/938443863-4.ENJOY%20WRITING%20ALPHAPET.png.png,null,approved,2026-07-12 11:38:21.560713+00,938443863-4,ENWRAL,Kids Learning,Lkg; Activities; Alphabet activities and writing,Infants KS1 (5-7),Paperback,56,Deepshikha,null,null,400,TRUE,https://www.booksatdoorsteps.online/covers/938443863-4.ENJOY%20WRITING%20ALPHAPET.png.png
3aeb7737-f2ff-4c8f-aed9-724a266d1227,null,My Big Book  Of  Pictures,null,null,null,199,https://www.booksatdoorsteps.online/covers/81-87282-82-7.My%20Big%20Book%20%20Of%20%20Pictures.png.png,null,approved,2026-07-12 11:38:21.560713+00,81-87282-82-7,MYBIBO,Kids Learning,Nursery; picture book; Lkg; General knowledge; vocabulary development,Infants KS1 (5-7),Paperback,74,Deepshikha,null,null,400,TRUE,https://www.booksatdoorsteps.online/covers/81-87282-82-7.My%20Big%20Book%20%20Of%20%20Pictures.png.png
bc5563e5-d0ea-403c-9156-dd2fe17ebc82,null,My Big Book Of Activities,null,null,null,199,https://www.booksatdoorsteps.online/covers/81-87282-85-1.My%20Big%20Book%20Of%20Activities.png,null,approved,2026-07-12 11:38:21.560713+00,81-87282-85-1,MYBIB1,Kids Learning,Lkg /Ukg; Activities; language; Evs; General knowledge,Infants KS1 (5-7),Paperback,54,Deepshikha,null,null,400,TRUE,https://www.booksatdoorsteps.online/covers/81-87282-85-1.My%20Big%20Book%20Of%20Activities.png
70c5f094-b2e3-4062-92eb-9f611774a44c,null,COLOURING BOOK 3,null,null,null,116,https://www.booksatdoorsteps.online/covers/938443883-9.COLOURING%20BOOK%203.png.jpg,null,approved,2026-07-12 11:38:21.560713+00,938443883-9,COBO3,Kids Learning,Lkg; Colouring; Copy colouring,Infants KS1 (5-7),Paperback,64,Deepshikha,null,null,400,TRUE,https://www.booksatdoorsteps.online/covers/938443883-9.COLOURING%20BOOK%203.png.jpg
44815bf8-1524-49cf-8657-f998e9719d6a,null,Let  Us Read and Write,null,null,null,199,https://www.booksatdoorsteps.online/covers/81-87282-87-8.Let%20%20Us%20Read%20and%20Write.png.png,null,approved,2026-07-12 11:38:21.560713+00,81-87282-87-8,LEUSRE,Kids Learning,Ukg; Activities; English activities and writing; Phonic based learning,Infants KS1 (5-7),Paperback,null,Deepshikha,null,null,400,TRUE,https://www.booksatdoorsteps.online/covers/81-87282-87-8.Let%20%20Us%20Read%20and%20Write.png.png
5a3f3835-e3fd-46cd-b2a5-26be0c1b9ccc,null,Shabd avam Vakya,null,null,null,223,https://www.booksatdoorsteps.online/covers/81-87282-96-7.Shabd%20avam%20Vakya.png.png,null,approved,2026-07-12 11:38:21.560713+00,81-87282-96-7,SHAVVA,Kids Learning,Ukg; ActivitiesHindi activities; Words and sentence formation in Hindi,Infants KS1 (5-7),Paperback,null,Deepshikha,null,null,400,TRUE,https://www.booksatdoorsteps.online/covers/81-87282-96-7.Shabd%20avam%20Vakya.png.png
e5bbfa9c-e294-4ae2-83a7-69fb2a6fce63,null,Alphabet for beginners  and Numbers,null,null,null,116,https://www.booksatdoorsteps.online/covers/81-87282-97-5.Alphabet%20for%20beginners%20%20and%20Numbers.png.png,null,approved,2026-07-12 11:38:21.560713+00,81-87282-97-5,ALFOBE,Kids Learning,Play Group; Picture book; English Reader,Foundation Stage (3-5),Paperback,32,Deepshikha,null,null,400,TRUE,https://www.booksatdoorsteps.online/covers/81-87282-97-5.Alphabet%20for%20beginners%20%20and%20Numbers.png.png
b99701c0-ffb0-4d83-902b-ac861d411eaf,null,My First Ponic Reader,null,null,null,199,https://www.booksatdoorsteps.online/covers/81-87282-99-1.My%20First%20Ponic%20Reader.png.png,null,approved,2026-07-12 11:38:21.560713+00,81-87282-99-1,MYFIPO,Kids Learning,Ukg; Activities; English activities; English Reader; Phonic based learning,Infants KS1 (5-7),Paperback,98,Deepshikha,null,null,400,TRUE,https://www.booksatdoorsteps.online/covers/81-87282-99-1.My%20First%20Ponic%20Reader.png.png
b0a27fc9-bace-46f7-b274-796f930ca691,null,Spell Smart 1,null,null,null,124,https://www.booksatdoorsteps.online/covers/938443881-2.Spell%20Smart%201.png.png,null,approved,2026-07-12 11:38:21.560713+00,938443881-2,SPSM1,Kids Learning,Activities; English activities; Phonic based learning; Spelling activities,Infants KS1 (5-7),Paperback,null,Deepshikha,null,null,400,TRUE,https://www.booksatdoorsteps.online/covers/938443881-2.Spell%20Smart%201.png.png
9925076c-c1a9-4b17-bcdb-02bb4585c59d,null,MATHS SMART 1,null,null,null,143,https://www.booksatdoorsteps.online/covers/938443875-8.MATHS%20SMART%201.png.png,null,approved,2026-07-12 11:38:21.560713+00,938443875-8,MASM1,Kids Learning,Activities; Maths activities; Mental Mathematic,Infants KS1 (5-7),Paperback,116,Deepshikha,null,null,400,TRUE,https://www.booksatdoorsteps.online/covers/938443875-8.MATHS%20SMART%201.png.png
0c8c10ab-877c-48b6-ae99-1ae516703617,null,MATHS SMART 4,null,null,null,143,https://www.booksatdoorsteps.online/covers/938443862-6.MATHS%20SMART%204.png.png,null,approved,2026-07-12 11:38:21.560713+00,938443862-6,MASM4,Kids Learning,Activities; Maths activities; Mental Mathematic,Junior KS2 (7-11),Paperback,116,Deepshikha,null,null,400,TRUE,https://www.booksatdoorsteps.online/covers/938443862-6.MATHS%20SMART%204.png.png
6b7472af-7eca-4be6-846b-19927c7f543c,null,Maths Smart O,null,null,null,215,https://www.booksatdoorsteps.online/covers/938443861-8..Maths%20Smart%20O.png.png,null,approved,2026-07-12 11:38:21.560713+00,938443861-8,MASMO,Kids Learning,Ukg; Activities; Maths activities; Mental Mathematic; Numeric skills development,Infants KS1 (5-7),Paperback,116,Deepshikha,null,null,400,TRUE,https://www.booksatdoorsteps.online/covers/938443861-8..Maths%20Smart%20O.png.png
34a9a5e5-a689-4714-b19b-63387ca896f2,null,ALPHABET WRITING WORKSHEETS,null,null,null,176,https://www.booksatdoorsteps.online/covers/938443871-5.ALPHABET%20WRITING%20WORKSHEETS.png.png,null,approved,2026-07-12 11:38:21.560713+00,938443871-5,ALWRWO,Kids Learning,Lkg; Activities; Alphabet activities and writing,Infants KS1 (5-7),Paperback,null,Deepshikha,null,null,400,TRUE,https://www.booksatdoorsteps.online/covers/938443871-5.ALPHABET%20WRITING%20WORKSHEETS.png.png
cb087267-55a3-49f4-a569-ac0537722fb1,null,Akshar Khate Hai Khani,null,null,null,215,https://www.booksatdoorsteps.online/covers/818728201-0.Akshar%20Khate%20Hai%20Khani.png.png,null,approved,2026-07-12 11:38:21.560713+00,818728201-0,AKKHHA,Kids Learning,Ukg; Activities; Hindi activities; Words and sentence formation in Hindi,Infants KS1 (5-7),Paperback,null,Deepshikha,null,null,400,TRUE,https://www.booksatdoorsteps.online/covers/818728201-0.Akshar%20Khate%20Hai%20Khani.png.png
366be417-5f5f-42b5-9178-1d2f641a8399,null,My Giant Book Of Phonics,null,null,null,272,https://www.booksatdoorsteps.online/covers/818728202-9.My%20Giant%20Book%20Of%20Phonics.png.png,null,approved,2026-07-12 11:38:21.560713+00,818728202-9,MYGIB2,Kids Learning,Ukg; Activities; English activities and writing; Phonic based learning,Infants KS1 (5-7),Paperback,136,Deepshikha,null,null,400,TRUE,https://www.booksatdoorsteps.online/covers/818728202-9.My%20Giant%20Book%20Of%20Phonics.png.png
81917c67-c12a-4cf8-881b-94f2c923b60e,null,ALPHABET AROUND ME,null,null,null,188,https://www.booksatdoorsteps.online/covers/938443800-6.ALPHABET%20AROUND%20ME.png.png,null,approved,2026-07-12 11:38:21.560713+00,938443800-6,ALARME,Kids Learning,Lkg; Nursery; Activities; Alphabet activities; Phonic based learning,Infants KS1 (5-7),Paperback,52,Deepshikha,null,null,400,TRUE,https://www.booksatdoorsteps.online/covers/938443800-6.ALPHABET%20AROUND%20ME.png.png
f4fd4924-7702-46b4-a00c-5ec30945ad19,null,PATTERNS AND NUMBERS,null,null,null,116,https://www.booksatdoorsteps.online/covers/938443801-4.PATTERNS%20AND%20NUMBERS.png.jpg,null,approved,2026-07-12 11:38:21.560713+00,938443801-4,PAANNU,Kids Learning,Nursery; Pattern activities; Numbers activities,Foundation Stage (3-5),Paperback,null,Deepshikha,null,null,400,TRUE,https://www.booksatdoorsteps.online/covers/938443801-4.PATTERNS%20AND%20NUMBERS.png.jpg
eb9b55d5-7613-418f-a2ee-09575b4136c6,null,RHYME TIME 0,null,null,null,116,https://www.booksatdoorsteps.online/covers/938443802-2.RHYME%20TIME%200.png.jpg,null,approved,2026-07-12 11:38:21.560713+00,938443802-2,RHTI0,Kids Learning,Nursery; Rhymes; Poems; Language development,Foundation Stage (3-5),Paperback,32,Deepshikha,null,null,400,TRUE,https://www.booksatdoorsteps.online/covers/938443802-2.RHYME%20TIME%200.png.jpg
cd0413f1-d128-414a-a18e-c0c1b643d573,null,Aao Hindi Shikhen-Swar,null,null,null,191,https://www.booksatdoorsteps.online/covers/938443803-0.Aao%20Hindi%20Shikhen-Swar.png.jpg,null,approved,2026-07-12 11:38:21.560713+00,938443803-0,AAHISH,Kids Learning,Ukg; Activities; Hindi activities; Words and sentence formation in Hindi,Infants KS1 (5-7),Paperback,71,Deepshikha,null,null,400,TRUE,https://www.booksatdoorsteps.online/covers/938443803-0.Aao%20Hindi%20Shikhen-Swar.png.jpg
76fab36a-4ca5-4aa1-b1b9-867dcf26846f,null,ALPHABET COLOURING AND WRITING  CAPITALS BIG BLOCKS,null,null,null,176,https://www.booksatdoorsteps.online/covers/81-87282-04-5.ALPHABET%20COLOURING%20AND%20WRITING%20%20CAPITALS%20BIG%20BLOCKS.PNG.png,null,approved,2026-07-12 11:38:21.560713+00,81-87282-04-5,ALCOAN,Kids Learning,Lkg; Nursery; Activities; Alphabet activities and writing,Foundation Stage (3-5),Paperback,null,Deepshikha,null,null,400,TRUE,https://www.booksatdoorsteps.online/covers/81-87282-04-5.ALPHABET%20COLOURING%20AND%20WRITING%20%20CAPITALS%20BIG%20BLOCKS.PNG.png
1eb856df-e535-41e8-b980-de091fcf4d14,null,MY FIRST BOOK OF COLOURING,null,null,null,116,https://www.booksatdoorsteps.online/covers/81-87282-06-1.MY%20FIRST%20BOOK%20OF%20COLOURING.png.png,null,approved,2026-07-12 11:38:21.560713+00,81-87282-06-1,MYFIBO,Kids Learning,Lkg; Colouring,Foundation Stage (3-5),Paperback,64,Deepshikha,null,null,400,TRUE,https://www.booksatdoorsteps.online/covers/81-87282-06-1.MY%20FIRST%20BOOK%20OF%20COLOURING.png.png
e808ad6d-101a-4b94-a087-c216d7beb797,null,Preschool Activity and Writing Worksheets,null,null,null,199,https://www.booksatdoorsteps.online/covers/81-87282-08-8.Preschool%20Activity%20and%20Writing%20Worksheets.png.png,null,approved,2026-07-12 11:38:21.560713+00,81-87282-08-8,PRACAN,Kids Learning,Nursery; Activities; Preschool readiness,Infants KS1 (5-7),Paperback,104,Deepshikha,null,null,400,TRUE,https://www.booksatdoorsteps.online/covers/81-87282-08-8.Preschool%20Activity%20and%20Writing%20Worksheets.png.png
0091f2c2-fadc-4241-8800-e46cd905ff9b,null,Rhyme 2,null,null,null,124,https://www.booksatdoorsteps.online/covers/81-87282-09-6.Rhyme%202.png.jpg,null,approved,2026-07-12 11:38:21.560713+00,81-87282-09-6,RH2,Kids Learning,Nursery; Rhymes; Poems; Language development,Infants KS1 (5-7),Paperback,34,Deepshikha,null,null,400,TRUE,https://www.booksatdoorsteps.online/covers/81-87282-09-6.Rhyme%202.png.jpg
435af3cd-510a-4d89-bd88-024961791f74,null,RHYME TIME-1,null,null,null,124,https://www.booksatdoorsteps.online/covers/81-87282-11-8.RHYME%20TIME-1.png.png,null,approved,2026-07-12 11:38:21.560713+00,81-87282-11-8,RHTI1,Kids Learning,Nursery; Rhymes; Poems; Language development,Foundation Stage (3-5),Paperback,32,Deepshikha,null,null,400,TRUE,https://www.booksatdoorsteps.online/covers/81-87282-11-8.RHYME%20TIME-1.png.png
7c7ff248-b718-482d-8025-45b57ee7e751,null,Aao Hindi Likhen-Swar avm Vyanjan,null,null,null,215,https://www.booksatdoorsteps.online/covers/938443804-9.Aao%20Hindi%20Likhen-Swar%20avm%20Vyanjan.png.png,null,approved,2026-07-12 11:38:21.560713+00,938443804-9,AAHILI,Kids Learning,Ukg; Activities; Hindi activities; Words and sentence formation in Hindi,Infants KS1 (5-7),Paperback,null,Deepshikha,null,null,400,TRUE,https://www.booksatdoorsteps.online/covers/938443804-9.Aao%20Hindi%20Likhen-Swar%20avm%20Vyanjan.png.png
90b7d166-20a1-469f-bff6-a406a2a93dc8,null,Math Smart-2,null,null,null,143,https://www.booksatdoorsteps.online/covers/938443805-7.Math%20Smart-2.png.png,null,approved,2026-07-12 11:38:21.560713+00,938443805-7,MASM2,Kids Learning,Activities; Maths activities; Mental Mathematic,Junior KS2 (7-11),Paperback,116,Deepshikha,null,null,400,TRUE,https://www.booksatdoorsteps.online/covers/938443805-7.Math%20Smart-2.png.png
dbebc8cc-1c9a-4e75-8e1a-cb9782bf34d8,null,Numbers Around me,null,null,null,223,https://www.booksatdoorsteps.online/covers/938443853-7.Numbers%20Around%20me.png.jpg,null,approved,2026-07-12 11:38:21.560713+00,938443853-7,NUARME,Kids Learning,Nursery; Numbers activities; General awareness,Infants KS1 (5-7),Paperback,96,Deepshikha,null,null,400,TRUE,https://www.booksatdoorsteps.online/covers/938443853-7.Numbers%20Around%20me.png.jpg
d8aaa99e-5f95-4fb2-9566-a742d3a7c42d,null,Math Smart-3,null,null,null,143,https://www.booksatdoorsteps.online/covers/938443806-5.Math%20Smart-3.png.png,null,approved,2026-07-12 11:38:21.560713+00,938443806-5,MASM3,Kids Learning,Activities; Maths activities; Mental Mathematic,Junior KS2 (7-11),Paperback,116,Deepshikha,null,null,400,TRUE,https://www.booksatdoorsteps.online/covers/938443806-5.Math%20Smart-3.png.png
c1d36116-1ae1-4e23-8837-baf3aea2d36e,null,Enjoy Colouring-2,null,null,null,88,https://www.booksatdoorsteps.online/covers/938443807-3.Enjoy%20Colouring-2.png.png,null,approved,2026-07-12 11:38:21.560713+00,938443807-3,ENCO2,Kids Learning,Lkg; Colouring,Infants KS1 (5-7),Paperback,32,Deepshikha,null,null,400,TRUE,https://www.booksatdoorsteps.online/covers/938443807-3.Enjoy%20Colouring-2.png.png
f3f93985-d4bc-4f07-a844-fdd936ceda39,null,Enjoy Colouring-3,null,null,null,88,https://www.booksatdoorsteps.online/covers/938443808-1.Enjoy%20Colouring-3.png.png,null,approved,2026-07-12 11:38:21.560713+00,938443808-1,ENCO3,Kids Learning,Lkg; Colouring,Infants KS1 (5-7),Paperback,32,Deepshikha,null,null,400,TRUE,https://www.booksatdoorsteps.online/covers/938443808-1.Enjoy%20Colouring-3.png.png
b23a137d-cc30-4de6-80ae-26487ac90ed7,null,Word Around ME level-1,null,null,null,223,https://www.booksatdoorsteps.online/covers/938443809-x.Word%20Around%20ME%20level-1.png.png,null,approved,2026-07-12 11:38:21.560713+00,938443809-X,WOARM,Kids Learning,Lkg; Nursery; Evs; General knowledge; vocabulary development,Infants KS1 (5-7),Paperback,96,Deepshikha,null,null,400,TRUE,https://www.booksatdoorsteps.online/covers/938443809-x.Word%20Around%20ME%20level-1.png.png
1bfa368e-502e-4958-a6e8-22e50363ee19,null,World Around me(3-5),null,null,null,199,https://www.booksatdoorsteps.online/covers/938443810-3.World%20Around%20me%283-5%29.png.jpg,null,approved,2026-07-12 11:38:21.560713+00,938443810-3,WOARME,Kids Learning,Lkg; Nursery; Evs; General knowledge; vocabulary development,Foundation Stage (3-5),Paperback,88,Deepshikha,null,null,400,TRUE,https://www.booksatdoorsteps.online/covers/938443810-3.World%20Around%20me%283-5%29.png.jpg
f1076f1b-a17f-4477-8d7e-cba26cb1006d,null,World Around me (5-7),null,null,null,199,https://www.booksatdoorsteps.online/covers/938443811-1.World%20Around%20me%20%285-7%29.png.jpg,null,approved,2026-07-12 11:38:21.560713+00,938443811-1,WOARM1,Kids Learning,Lkg; Nursery; Evs; General knowledge; vocabulary development,Infants KS1 (5-7),Paperback,88,Deepshikha,null,null,400,TRUE,https://www.booksatdoorsteps.online/covers/938443811-1.World%20Around%20me%20%285-7%29.png.jpg
e89cc19c-6c4e-48df-90d2-e3595d800e3d,null,ALL IN ONE,null,null,null,271,https://www.booksatdoorsteps.online/covers/938443812-X.ALL%20IN%20ONE.png.png,null,approved,2026-07-12 11:38:21.560713+00,938443812-X,XALINO,Kids Learning,Lkg; Ukg; Activities; Alphabet activities; Numbers activities; General knowledge,Foundation Stage (3-5),Paperback,null,Deepshikha,null,null,400,TRUE,https://www.booksatdoorsteps.online/covers/938443812-X.ALL%20IN%20ONE.png.png
7ac8531d-d66c-4a15-88da-f9384a6c2d83,null,My Creative world level-B,null,null,null,231,https://www.booksatdoorsteps.online/covers/938443815-4.My%20Creative%20world%20level-B.png,null,approved,2026-07-12 11:38:21.560713+00,938443815-4,MYCRWO,Kids Learning,Lkg; Nursery; Art and craft; Creative activities,Foundation Stage (3-5),Paperback,null,Deepshikha,null,null,400,TRUE,https://www.booksatdoorsteps.online/covers/938443815-4.My%20Creative%20world%20level-B.png
a6677917-e825-434e-998b-8702a4c5bb3b,null,My Creative world Level-A,null,null,null,231,https://www.booksatdoorsteps.online/covers/938443816-2.My%20Creative%20world%20Level-A.png,null,approved,2026-07-12 11:38:21.560713+00,938443816-2,MYCRW1,Kids Learning,Lkg; Nursery; Art and craft; Creative activities,Infants KS1 (5-7),Paperback,null,Deepshikha,null,null,400,TRUE,https://www.booksatdoorsteps.online/covers/938443816-2.My%20Creative%20world%20Level-A.png
c21753bb-8dd9-4fd0-bc26-699873216f4f,null,Enjoy Colouring 0,null,null,null,88,https://www.booksatdoorsteps.online/covers/938443817-0.Enjoy%20Colouring%200.png.jpg,null,approved,2026-07-12 11:38:21.560713+00,938443817-0,ENCO0,Kids Learning,Lkg; Colouring,Foundation Stage (3-5),Paperback,32,Deepshikha,null,null,400,TRUE,https://www.booksatdoorsteps.online/covers/938443817-0.Enjoy%20Colouring%200.png.jpg
dafa76c3-05fd-4ae8-9fdd-ae48445641bc,null,Enjoy Colouring-1,null,null,null,88,https://www.booksatdoorsteps.online/covers/938443818-9.Enjoy%20Colouring-1.png.jpg,null,approved,2026-07-12 11:38:21.560713+00,938443818-9,ENCO1,Kids Learning,Lkg; Colouring,Foundation Stage (3-5),Paperback,32,Deepshikha,null,null,400,TRUE,https://www.booksatdoorsteps.online/covers/938443818-9.Enjoy%20Colouring-1.png.jpg
a03f222c-55ab-4a95-9a99-e8d1fed1c9b8,null,Colouring 4,null,null,null,116,https://www.booksatdoorsteps.online/covers/938443820-0.Colouring%204.png.png,null,approved,2026-07-12 11:38:21.560713+00,938443820-0,CO4,Kids Learning,Lkg; Colouring,Infants KS1 (5-7),Paperback,64,Deepshikha,null,null,400,TRUE,https://www.booksatdoorsteps.online/covers/938443820-0.Colouring%204.png.png
8f97954f-260b-4346-a0f0-e95c8a2170ab,null,PRIMARY POSTER PACK,null,null,null,920,https://www.booksatdoorsteps.online/covers/938443821-9.PRIMARY%20POSTER%20PACK.png,null,approved,2026-07-12 11:38:21.560713+00,938443821-9,PRPOPA,Kids Learning,Wall posters; Learning aid; Visual learning,Infants KS1 (5-7),Paperback,null,Deepshikha,null,null,400,TRUE,https://www.booksatdoorsteps.online/covers/938443821-9.PRIMARY%20POSTER%20PACK.png
ff693588-22eb-4482-914b-ebccee49a964,null,Celebrations,null,null,null,199,https://www.booksatdoorsteps.online/covers/938443877-4.CELEBRATIONS.png.png,null,approved,2026-07-12 11:38:21.560713+00,938443877-4,CE,Kids Learning,Lkg; Nursery; Activities; Alphabet activities; Numbers activities; Art and craft; General knoledge,Foundation Stage (3-5),Paperback,null,Deepshikha,null,null,400,TRUE,https://www.booksatdoorsteps.online/covers/938443877-4.CELEBRATIONS.png.png
91bf46b8-8572-4870-948b-35cc658b44de,null,Maze Amaze,null,null,null,199,https://www.booksatdoorsteps.online/covers/938443829-4.Maze%20Amaze.png.png,null,approved,2026-07-12 11:38:21.560713+00,938443829-4,MAAM,Kids Learning,Lkg; Nursery; Activities; Art and craft; General knowledge,Foundation Stage (3-5),Paperback,null,Deepshikha,null,null,400,TRUE,https://www.booksatdoorsteps.online/covers/938443829-4.Maze%20Amaze.png.png
a167c724-8971-495b-8a75-2a98953d9229,null,Numbers Tracing -1-10,null,null,null,100,https://www.booksatdoorsteps.online/covers/938443864-2.Numbers%20Tracing%20-1-10.png.png,null,approved,2026-07-12 11:38:21.560713+00,938443864-2,NUTR11,Kids Learning,Lkg; Numbers Activity worksheets,Foundation Stage (3-5),Paperback,null,Deepshikha,null,null,400,TRUE,https://www.booksatdoorsteps.online/covers/938443864-2.Numbers%20Tracing%20-1-10.png.png
1807daf8-7d22-4fe3-b031-3dcf619cd66a,null,Alphabet Tracing Upper Case,null,null,null,124,https://www.booksatdoorsteps.online/covers/938443878-2.ALPHABET%20TRACING%20UPPER%20CASE.png.png,null,approved,2026-07-12 11:38:21.560713+00,938443878-2,ALTRUP,Kids Learning,Lkg; Activities; Alphabet activities and writing,Foundation Stage (3-5),Paperback,null,Deepshikha,null,null,400,TRUE,https://www.booksatdoorsteps.online/covers/938443878-2.ALPHABET%20TRACING%20UPPER%20CASE.png.png
5942087c-cccb-40ca-be83-9abddff5c0b4,null,Enjoy Writing Numbers 1-20,null,null,null,199,https://www.booksatdoorsteps.online/covers/938443835-9.Enjoy%20Writing%20Numbers%201-20.png.jpg,null,approved,2026-07-12 11:38:21.560713+00,938443835-9,ENWRNU,Kids Learning,Lkg; Numbers Activity worksheets,Infants KS1 (5-7),Paperback,null,Deepshikha,null,null,400,TRUE,https://www.booksatdoorsteps.online/covers/938443835-9.Enjoy%20Writing%20Numbers%201-20.png.jpg
0993b20e-5a60-4613-9bbc-440986819a58,null,Get Set Go,null,null,null,199,https://www.booksatdoorsteps.online/covers/938443854-5.Get%20Set%20Go.png,null,approved,2026-07-12 11:38:21.560713+00,938443854-5,GESEGO,Kids Learning,Lkg; Nursery; Activities; Alphabet activities; Numbers activities; Art and craft; General knoledge,Foundation Stage (3-5),Paperback,null,Deepshikha,null,null,400,TRUE,https://www.booksatdoorsteps.online/covers/938443854-5.Get%20Set%20Go.png
1add93c1-bc01-4caa-b2e6-f7663bc3a076,null,Swar likhen workbook,null,null,null,176,https://www.booksatdoorsteps.online/covers/938443886-3.Swar%20likhen%20workbook.png,null,approved,2026-07-12 11:38:21.560713+00,938443886-3,SWLIWO,Kids Learning,Ukg; Activities; Hindi activities; Words and sentence formation in Hindi,Infants KS1 (5-7),Paperback,null,Deepshikha,null,null,400,TRUE,https://www.booksatdoorsteps.online/covers/938443886-3.Swar%20likhen%20workbook.png
9bb5895f-83ea-41a6-805f-90e1279baa05,null,Daily Expressions DIART LEVEL 1,null,null,null,151,https://www.booksatdoorsteps.online/covers/938443870-7..Daily%20Expressions%20DIART%20LEVEL%201.png.png,null,approved,2026-07-12 11:38:21.560713+00,938443870-7,DAEXD1,Kids Learning,Creative writing; Diary; Language development,Infants KS1 (5-7),Paperback,null,Deepshikha,null,null,400,TRUE,https://www.booksatdoorsteps.online/covers/938443870-7..Daily%20Expressions%20DIART%20LEVEL%201.png.png
ab21bb0c-aa90-4b6b-bbd3-dbcfe9734df1,null,Aao Swar Padhen,null,null,null,46,https://www.booksatdoorsteps.online/covers/81-87282-84-3.Swar%20Padhen%20Likhen.png.png,null,approved,2026-07-12 11:38:21.560713+00,81-87282-84-3,ASWP,Kids Learning,Ukg; Activities; Hindi activities; Words and sentence formation in Hindi,Foundation Stage (3-5),Paperback,12,Deepshikha,null,null,400,TRUE,https://www.booksatdoorsteps.online/covers/81-87282-84-3.Swar%20Padhen%20Likhen.png.png
